{"intents": [
        
    {"tag": "ፕሬዝዳንት",
         "patterns": ["የዩኒቨርስቲው ፕሬዝዳንት", "የዩኒቨርስቲው ዲን", "የዩኒቨርስቲው ፕሬዝዳንት ማን ነው","የዩኒቨርስቲው ዲን ማን ነው"],
         "responses": ["ፕሮፌሰር ክንደያ ገ/ሂወት"],
         "context": [""]
        },
    
        {"tag": "ID መጥፋት",
            "patterns": ["መታወቅያ ከጠፋብኝ", "መታወቅያ መጥፋት","መታወቅያየ ጠፋብኝ", "ID ጠፋብኝ", "መታወቅያ ጠፋ", "ID ጠፋ","ID ከጠፋብኝ", "ID መጥፋት","መታወቅያ ከጠፋ"],
            "responses": ["ለሬጅስትራር ስለ ሚመለከት ለነሱ ማሳወቅ ይኖርቧችኋል፤ ከዛ መፍትሄው ይበጃሉ አትጨነቁ"],
            "context_set": ""
        },

        {
        "tag": "ክሬዲት ሃወር",
        "patterns": ["ክሬዲት ሃወር","ስንት ክሬዲት ሃወር ነው ሚፈቀደው","በሰሚስተር ስንት ሰዓት ነው ሚፈቀደው?","በሰሚስተር ስንት ክሬዲት ሃወር ይፈቀዳል?","በሰሚስተር ስንት ክሬዲት ሃወር ነው ሚፈቀደው?","በሰሚስተር ስንት ክሬዲት ነው ሚፈቀደው?","በሰሚስተር ስንት ሰዓት ነው መውሰድ የሚቻለው?","በሰሚስተር ስንት ሰዓት ነው መማር የሚቻለው?"],
        "responses": ["የመደበኛ(ሬጉላር) ተማሪዎች ቢያንስ የECTS 25 ወይም የክሬዲት ሰዓታት(ሃወርስ) 15 መሆን አለባቸው በእያንዳንዱ ሴሚስተር። በትምህርቱ ካታሎግ / በስርአተ ትምህርት ውስጥ ካልተገለጸ በስተቀር ከፍተኛው ጭነት(ማክሲማም ሎድ) ከ 32 ECTS ወይም ከ 19 ክሬዲት ሰዓታት መብለጥ የለበትም ፡፡"]
      },
 
      {
        "tag": "ደካማ ውጤት",
        "patterns": ["F ውጤት","FX ውጤት","F ውጤት ካመጣሁ ምንድ ነው","FX ውጤት ካመጣሁ ምንድ ነው","ትምህርቴን ጥሩ ውጤት ካላመጣሁ ምንድ ነው?","የትምህርት ውጤቴን ዝቅተኛ ከሆነ ምን ኣደርጋለሁ?","በኮርስ የተማርኩት ጥሩ ውጤት ካላስመጣሁ ምን ይከሰታል?","በኮርስ የተማርኩት ጥሩ ውጤት ካላስመዘገብኩ ምንድ ነው ሚሆነው?","በኮርስ የተማርኩት ውጤቴን FX ከሆነ ምንድ ነው ሚሆነው?","በኮርስ የተማርኩት ውጤቴን F ከሆነ ምንድ ነው ማደርገው?"],
        "responses": ["FX ውጤት ያመጣ ተማሪ ተጨማሪ ፈተና ይወስዳል እናም ያመጣው ውጤት ይመዘገበለታል፣ የ F ውጤት ያስመዘገቡ ደግሞ ያ F ያመጡት ትምህርቱን ይደግማሉ እናም ያመጡት ውጤት ይመዘገብላቿል ነገር ግን ከ C በላይ ውጤት ብያመጡም C ነው ሚመዘገበው።"]
      },

      {
        "tag": "አቴንዳንስ",
        "patterns":["ትምህርት መከታተል","ስንት ክፍለ ትምህርት መከታተል አለብኝ","አቴንዳንስ","ምንያህል ክላስ መማር ኣለብኝ?","ምን ያህል ክላስ መማር ኣለብኝ?","ስንት ክፍል መማር ኣለብኝ በሰሚስተር ውጤት ለማስመዝገብ?","ስንት ክፍል መማር ኣለብኝ ፈተና ለመፈተን?","ምን ያህል የትምህርት ክፍል መገኘት አለብኝ?","ምን ያህል የትምህርት ክፍል መማር አለብኝ በ1 ሰሚስተር?","ምን ያህል የትምህርት ክፍል መማር አለብኝ በአንድ ሰሚስተር?","ስንት ክላስ መገኘት አለብኝ ትምህርቴን ለመቀጠል?"],
        "responses": ["አንድ ተማሪ ሁሉንም ትምህርቶች፣ ላቦራቶሪ እና ተግባራዊ ትምህርቶች እንዲሁም የመስክ ሥራዎችን መከታተል ይጠበቅበታል ፣ የተሰጠውን ኮርስ ውጤት ለማግኘት ተማሪዎች ቢያንስ 90% የሚሆኑትን የተያዙ ትምህርቶች እንዲማሩ ይጠበቅባቸዋል። ከ 10% በላይ መገኘት ያልቻለ ተማሪ “IA” (ያልተሟላ ተገኝነት) ውጤት ይሰጠዋል እንዲሁም ክፍሎችን ለመከታተል ባለመምጣቱ ለዲፓርትመንቱ / ፕሮግራሙ ተቀባይነት ያላቸው ምክንያቶች እንዲያቀርብ ይጠየቃል።"]
      },
      

      {
        "tag": "አድቫይዘር",
        "patterns": ["አድቫይዘር","አድቫይዘር ምንድ ነው","አድቫይዘር ይመደብልኛል?","ስለ አድቫይዘር ንገረኝ?","ስለ አድቫይዘር ምደባ ንገረኝ?","ለአዲስ ተማሪዎች አድቫይዘር ይመደባል?","አዲስ ተማሪዎች አድቫይዘር አላቸው?","ተማሪዎች አድቫይዘር ኣላቸው?","አድቫይዘር ሊኖረኝ ይችላል?"],
        "responses": ["አድቫይዘር ለተማሪዎች በተለያዩ መስኮች ምክር የሚሰጥ ሰራተኛ ነው። በዩኒቨርሲቲ ውስጥ ለእያንዳንዱ ተማሪ በየዲፓርትመንት ክፍሉ ለአንድ አስተማሪ ይመደብላችዋል። የተመደበ አማካሪ(አድቫይዘር) ለተማሪው ለትምህርቱ እና ለሌሎች ማህበራዊ ጉዳዮች በማስተዋል ፣ በቅንነት እና በጥብቅ ተገቢውን መመሪያ እና ምክር ይሰጣል፡፡ ስለ አድቫይዘር ሌላ ምትጠይቀው አለ?"],
        "context_set": "አዎ"
      },


        {"tag": "ሰላምታ",
         "patterns": ["ሰላም", "ሰላም ነው?", "ሃይ", "ሰላማት"],
         "responses": ["ሰላማት ምን ላግዝህ/ሽ", "ሰላም ምን ላግዝህ/ሽ", "ሰላም", "ሰላም ምን ልርዳህ/ሽ", "ምን ልተባበር"],
         "context_set": ""
        },

        {
         "tag": "ጤንነት",
         "patterns": ["እንዴት ነህ?", "ሃይ", "ደና ነህ","ሰላም ነህ","ደህና ነህ", "ደህና ዋልክ", "ደና ኣደርክ"],
         "responses": ["ደህና ነኝ ስለ ጠየቅከኝ አመሰግናለሁ", "ደህና ነኝ", "አለሁልህ", "አመሰግናለሁ ድህና ነኝ"],
         "context_set": ""
        },

        {
         "tag": "ምስጋና",
         "patterns": ["አመሰግናለሁ?", "በጣም አመሰግናለሁ", "10q","እሺ አመሰግናለሁ","ስለ ረዳሀኝ አመሰግናለሁ"],
         "responses": ["አረ ግዴታየ ነው", "አያስፈልግም", "ጣጣ የለውም", "ጓደኛህ ነኝ አይዞህ"],
         "context_set": ""
        },



      {
        "tag": "ስለ አድቫይዘር በይበልጥ",
        "patterns": ["አዎ አለ","አዎ","አለ","አው","አዎ አለኝ","አለኝ"],
        "responses": ["እሺ ጠይቀኝ አድቫይዘር ስለ መገናኘት ወይስ ስለ መቀየር የቱን ልንገርህ?"],
        "context_filter": "አዎ"
      },

      {
        "tag": "አድቫይዘር መገናኘት",
        "patterns": ["አድቫይዘሬን እንዴት ማግኝት አችላለሁ","አድቫይዘር መገናኘት","ስለ መገናኘት","አድቫይዘሬን የምንገናኝበት መቼ ነው","ከአድቫይዘር ምን ያህል መገናኘት ኣለብን","ከመጀምርያ ግንኙነት ብኅላ አድቫይዘሬን አንዴት ማግኘት አችላለሁ","እንዴት ነው ከአድቫይዘሬ ምንገናኘው?","አድቫይዘሬን መቀየር እችላለሁ?","አድቫይዘሬን ላገኘው ካልቻልኩ ምን ማረግ ኣለብኝ","አድቫይዘሬን ልያግዘኝ ካልቻለ ምን ማድረግ እችላለሁ?"],
        "responses": ["መጀመርያ በዲፓርትመንት ክፍሉ ከተመደበላቸው፣ ቀጥታ እንዲገናኙ ዲፓርትመንት ሃላፊው ያግዛል።  ከተገናኙ ብኅላ ተማሪዎች ከአማካሪዎቻቸው ወይም ኣድቫይዘራቸው እየተነጋገሩ የሚገናኙበት ክፍለ ጊዜ መወሰን ይችላሉ።"]
      },


      {
        "tag": "አድቫይዘር መቀየር",
        "patterns": ["አድቫይዘሬን መቀየር እችላለሁ?","አድቫይዘር መቀየር","ስለ መቀየር","አድቫይዘሬን ላገኘው ካልቻልኩ ምን ማድረግ ኣለብኝ","አድቫይዘሬን ልያግዘኝ ካልቻለ ምን ማድረግ እችላለሁ?"],
        "responses": ["ተማሪዎች በዩኒቨርሲቲ ውስጥ የመመሪያ እና የምክር አገልግሎት የማግኘት መብት አላቸው፤ እናም የአማካሪዎቻቸው(አድቫይዘራቸው) ከሌለ ወይም ለውጥ በፈለግቡት ጊዜ ወደ የዲፓርትመንት ሃላፊ ማሳወቅ ይኖርባችዋል። ከዛ የነበረው አድቫይዘር የተማሪዎች ሪኮርድን በትክክል እንዲሰጥ በዲፓርትመንት ኃላፊው ይጠየቃል፡፡"]
      },


     {
        "tag": "እርዳታ",
        "patterns": ["ትምህርት ደበረኝ","ትምህርት አስጠላኝ","ውጤቴን ደከም","ደበረኝ","ክላስ ደበረኝ","ክላስ አስጠላኝ","አስጠላኝ","ትምህርት ከበደኝ","በትምህርት በጣም እየተቸገርኩ ነው፤ ሚረዳኝ ማግኘት እችላለሁ?","በትምህርት በጣም ከተቸገርኩ የሚረዳኝ ማግኘት እችላለሁ?","ትምህርት እየከበደኝ ነው ምን ማድረግ አለብኝ?","ትምህርት ከከበደኝ ምን አደርጋለሁ?","ትምህርት ካስቸገረኝ ምን ማድረግ አለብኝ?","በትምህርት በጣም እየተቸገርኩ ነው፤ ሚያግዘኝ ማግኘት እችላለሁ?"],
        "responses": ["አድቫይዘር ሊረዳቹ ይችላል።እናም መጀመሪያ ከአድቫይዘራቹ በይበልጥ መነጋገር አለባቹ፤ እናም ከአስተማሪዎቻቹ፣ከዲፓርትመንት ኅላፊም መመካከር ትችላላቹ።"]
      },

      {
        "tag": "የስራ ጊዜ",
        "patterns": ["የስራ ጊዜ","የስራ ሰዓቶች ንገረኝ","መቼ ነው ኦፊስ ክፍት የሚሆነው?","ሰራተኞች የሚገቡበት ሰዓት ንገረኝ","የስራ ሰአት","ቢሮ መቼ ይከፈታል","አስተማሪዎች የሚገቡበት ጊዜ","የቢሮ ሰዓት መቼ ነው?"],
        "responses": ["የስራ ሰዓቶች ከሰኞ እስከ ዓርብ፣ ጥዋት ከ 2:30-6:30 ከሰዓት ደሞ ከ 8:30-11:30 ነው። ቅዳሜ እንደአስፈላጊነቱ ሁኖ ግን ግዴታ ኣደለም።"]
      },    
    

    
    
        {"tag": "ማገዝ",
         "patterns": ["ምን ታግዘኛለህ?", "ምንድን ነው ምታግዘኝ?","ልትረዳኝ?", "ምን ልታግዘኝ", "ልታግዘኝ","እንዴት ልትረዳኝ ትችላለህ","አላማህ ምንድ ነው", "ስራህን?","ምንድ ነው ምትረዳኝ?", "እርዳታህ ምንድ ነው", "ምን ትረዳኛለህ?", "እርዳኝ", "አግዘኝ"],
         "responses": ["ስለ የምህንድስና መረጃ እሰጣችዋለሁ፡፡ በኮሌጅ ውስጥ ስላሉት የሁሉም ዲፓርትመንቶች እናም ስለ ፕሪ ኢንጂነሪንግ፣ ዊዝ ድረው፣ መርሃ ግብሮች፣ ፈተና፣ ግሬድ፣ ምዝገባ፣ ኮርስ መጨመርና መጣል፣ ኮርስ መድገም፣ ክሬዲት ሃወር፣ አቴንዳንስ፣ ዲፓርትመንት ልውውጥ፣ ከዩኒቨርስቲ ወደ ሌላ ዩኒቨርሲቲ መለወጥ እናም ሌሎችም እውቀት ልሰጥዎት እችላለሁ፡፡" ],
         "context": [""]
        },
    

      {
        "tag": "ኤል ኤች ክፍል",
        "patterns": ["ኤል ኤች ሩም ማለት ምን ማለት ነው?","LH Room","ኤል ኤች ሩም","ኤል ኤች ሩም ምንድ ነው?","ኤል ኤች ሃል ምንድ ነው?","ኤል ኤች ሃል ማለት ምን ማለት ነው"],
        "responses": ["ተማሪዎች በደረጃዎች የተደረደረ  ለሚቀመጡበት እና ለትምህርት የተሰራ ልዩ ክፍል ነው። "]
      },

      {
        "tag": "የግል አስተማሪ",
        "patterns": ["የግል አስተማሪ","የግል አስተማሪ ይፈቀዳል","የግል አስተማሪ መቕጠር ይቻላልን?","የግል አስተማሪ ሊኖረኝ ይችላል?","የግል አስተማሪ መቕጠር ይቻላል?","የግል አስተማሪ ይፈቀዳል?"],
        "responses": ["በዩኒቨርስቲው የግል አስተማሪ መመደብ አይቻልም፤ ለሁሉም አስተማሪዎች በተሰጣቸው ክፍለ ጊዜ ተማሪዎችን በእኩል እንዲያስተምሩ ነው የሚፈቀደው፤ ነገር ግን ተማሪዎች በራሳቹ ወጪ የሚያጠናቹ ካገኛቹ ደስተኛ ነው ዩኒቨርስቲው።"]
      },
    
      
      {
        "tag": "ግሬድ ማስላት",
        "patterns":["ግሬድ እንዴት ነው ሚሰላ","ውጤት ማስላት","ውጤት አፈላለግ","ግሬድ ማስላት","ግሬድ አሰላል","CGPA እንዴት ይሰራል","ውጤት እንዴት ካልኩሌት ይደረጋል","ግሬድ እንዴት ይሰራል","ግሬድ እንዴት ነው ሚሰራው?","የትምህርት ውጤቴን እንዴት ነው ሚሰላው?","የትምህርት ውጤቴን እንዴት ነው ሚሰራው?","ግሬድ እንዴት ነው ሚሰላው?","የትምህርት ውጤት እንዴት ነው ካልኩሌት ሚደረገው?","ግሬድ እንዴት ነው ካልኩሌት ሚደረገው?"],
        "responses": ["የሰሜስተር ውጤት ነጥብ አማካይ (SGPA) የሚሰራው በሰሚስተር ውስጥ የተገኘውን ውጤት ነጥቦችን፣ በዚያ ሴሚስተር ውስጥ በተማሩት ሰዓቶች ብዛት(ክሪዲት ሃወርስ) በመካፈል ነው ፡፡ የጠቅላላ ድምር ውጤት ነጥብ (CGPA) የሚሰላው  ጠቅላላ ውጤት በተገኘው የኮርስ ውጤቶች ድምር፣ ሙሉ በሙሉ በተወሰደው ሰዓቶች ብዛት(ክሪዲት ሃወርስ) ሲካፈል ነው። በe-student አካውንታችሁን በመግባት ውጤታችሁን ማየት ትችላላችሁ"]
      },
    
    {"tag": "ግሬድ ስኬል",
        "patterns": ["የዩኒቨርስቲው ግሬድ ስርዓት ንገረኝ","ውጤት እንዴት ይሰጣል","ውጤት አሰጣጥ እንዴት ነው","ግሬድ እንዴት ይሰጣል","ውጤት ስኬል","ግሬድ ስኬል","የዩኒቨርስቲው ግሬድ ስኬል ንገረኝ","ግሬድ አሰጣጥ እንዴት ነው"],
        "responses": ["በትምህርት ሚኒስተር ባወጣው መሰረት የዩኒቨርስቲው ግሬድ አሰጣጥ ስርአት: A+ = 90-100, A = 85-89.99, A- = 80-84.99, B+ = 75-79.99, B = 70-74.99, B- = 65-69.99, C+ = 60-64.99, C = 50-59.99, C- = 45-49.99,  D = 40-44.99, Fx = 30-39.99, F = <30"],
        "context": [""]
        },
    
        {"tag": "ግሬድ ማየት",
          "patterns": ["ግሬድ እንዴት ይታያል","ግሬድ ማየት ፈልጌ ነበር","ውጤት እንዴት ይታያል","ግሬድን ለማየት ምን ማረግ አለብኝ","ግሬድ የት ይታያል","ግሬድ የት ነው ሚታየው", "GPA","ውጤቶቼን እንዴት ማየት እችላለሁ?","የትምህርት ውጤቴን እንዴት አያለሁ?","ግሬድ እንዴት ነው ሚታየው?","ውጤት እንዴት ነው ሚታየው?","ግሬድ የትነው ማየው?","ግሬድ እንዴት ነው ማየው?","ግሬድ እንዴት ይታያል?","ውጤቴን እንዴት ነው ማየው?"],
            "responses": ["በዩኒቨርስቲው e-student ድህረገፅ ማየት ትችላላችሁ። http://www.mymu.edu.et/"],
            "context_set": ""
        },
    
     

    
    
        {"tag": "ግሬድ ዋጋ",
            "patterns": ["A+","A","Fx","F", "D", "B+", "C+", "A-", "A ስንት ነው ሚታሰበው","B ስንት ይታሰባል","A ካመጣሁ ስንት ነው","C ስንት ነው ሚታሰበው", "B", "C" , "D", "B-", "C-"],
            "responses": ["በግሬዱን ስርዓት መሰረት ያመጣችሁት ውጤት እንድሚከተለው ዋጋ አላቻው ለእያንዳንዱን ትምህርት ግሬድ የተሰጣችሁት፡ A+ እና A = 4፣ A-=3.75፣ B+=3.5፣ B=3፣ B-=2.75፣ C+=2.5፣ C=2፣ C-=1.75፣ D=1፣ Fx እና F = 0 ውጤት ነው"],
            "context_set": ""
        },
    
      {
        "tag":"አላሟላም ውጤት",
        "patterns":["ኢንኮምፕሊት","ኢንኮምፕሊት ውጤት","አንኮምፕሊት ግሬድ","I ግሬድ","ኣላሟላም ውጤት ሚሰጠኝ ምን ከሆነ ነው?","ኢንኮምፕሊት ውጤት ማገኘው መቼ ነው?","ኢንኮምፕሊት ውጤት የሚሰጠኝ ምን ካደረግኩ ነው?","አላሟላም ውጤት?","አላሟላም ምን ማለት ነው?","ኢንኮምፕሊት ምን ማለት ነው?","ኢንኮምፕሊት ምንድ ነው?","I  ውጤት ምንድ ነው?"],
        "responses": ["አንድ አስተማሪ ተማሪውን የትምህርት ክፍሉን በሚገባ ካልተከታተለ፣ እና ትምህርቱን በሴሜስተር ማጠናቀቅ ካልቻለ፣ ፈተና ሙሉ በሙሉ ካልተፈተነ ወይም አሳይንመንቶች ካላስረከበ ተማሪው አላሟላም (I) ውጤት ይሰጠዋል ፡፡"]
      },
    
      {
        "tag": "ማስጠንቀቅያ ውጤት",
        "patterns":["ማስጠንቀቅያ ውጤት","ዋርኒንግ","ማስጠንቀቅያ","ማስጠንቀቅያ ግሬድ","የአካዳሚክ ትምህርቴን በማስጠንቀቂያ ካለፍኩ ምን ማድረግ ኣለብኝ ","የአካዳሚክ ትምህርቴን ማስጠንቀቅያ ከሆን ምን ኣደርጋለሁ?","የአካዳሚክ ትምህርቴን ዋርኒንግ ላይ ከሆን ምን ማድረግ ኣለብኝ?","የአካዳሚክ ትምህርቴን በማስጠንቀቂያ ከሆነ ምንድ ነው?","የትምህርቴን ውጤት ዋርኒንግ ከሆነ ምንድ ነው? ","ውጤት ዋርኒንግ ከሆነ ምንድ ነው? ","የትምህርት ውጤቴን ዋርኒንግ ከሆነ ምንድ ነው? ","ዋርኒንግ ውጤት ምንድ ነው? ","የአካዳሚክ ትምህርቴን በዋርኒንግ ወይም ማስጠንቀቅያ ከሆን ለማን ኣማክራለሁ?"],
        "responses": ["አንድ ተማሪ የአካዳሚክ ጥናቱን  የሙከራ ጊዜ ወይም ማስጠንቀቂያ ከሆነ ፣ ከአካዴሚ አማካሪው ጋር ቀጠሮ መያዝ አለበት። አንድ ላይ ሆነው ፣ ትምህርትን በመመለስ ሂደት ወደነበረበት እንዲመለስ እርስዎን ለመርዳት የኮርስ እቅድ አልፈው እና ድጋፍዎችን ያገኛሉ ፡፡"]
      },
      
      {
        "tag": "ትርፍ ጊዜ",
        "patterns":["ምህንድስና ስናጠና ትርፍ ጊዜ ሊኖረን ይችላል ?","ምህንድስና እየተማርኩ መዝናናት እችላለሁ?","ምህንድስና እየጠናሁ መዝናናት እችላለሁ?","ምህንድስና እየተማርኩ በተለያዩ መስክ መሳተፍ ይቻላልን?"],
        "responses": ["አዎ! ስለዚ እንዳይጨነቁ መሐንዲሶች በስፖርት ፣ በሙዚቃ ቡድኖች እና በሌሎች ከመደበኛ ትምህርት ውጭ እንቅስቃሴዎች ይሳተፋሉ ፡፡"]
      },
    
      {
        "tag": "ፕሪ ኢንጂነሪንግ",
        "patterns": ["ፕሪ ኢንጂነሪንግ","ፕሪ ኢንጂነሪንግ ለምን ያስፈልጋል","ቅድመ ምህንድስና (ፕሪ ኢንጂነሪንግ) ማለት ምን ማለት ነው","ቅድመ ምህንድስና ምንድ ነው?","ስለ ፕሪ ምህንድስና ንገረኝ?","ፕሪ ምህንድስና ማለት ምን ማለት ነው?","ፕሪ ምህንድስና ምንድ ነው?"],
        "responses": ["ቅድመ ምህንድስና ተማሪዎችን፣ መሠረታዊ የምህንድስና ትምህርቶችን እንዲወስዱ እና ትምህርቷቸው ከጨረሱ በኋላ ተማሪዎች ለዲፓርትመንት ያላቸውን ፍላጎት ለመመርመር እንዲረዳቸው የሚረዳ የኢንጂነሪንግ ቅድመ ዝግጅት ክፍል ነው፡፡ በተጨማሪ ኢንጂነሪንግ ዲፓርትመንቶች ከመግባታቸው በፊት መወሰድ ያለበት ጥናቶች ወይም ትምህርቶች እንዲያገኙ የሚያደርግ ነው ፡፡"]
      },
    
      {
        "tag": "ፕሪ ኢንጂነሪንግ ጥቅም",
        "patterns":["ቅድመ ምህንድስና ጥቅም","ፕሪ ኢንጂነሪንግ ጥቅም","የመጀምርያ አመት ትምህርት ምን ያህል ይጠቅማል ለዲፓርትመንት የምገባው?","የመጀምርያ አመት ትምህርት ምን ያህል ይጠቅማል?","ፕሪ ኢንጂነሪንግ ምንድ ነው ጥቅሙ?","የመጀምርያ አመት ጥናት ምን ያህል ጠቃሚ ነው ለምማረው ዲፓርትመንት?","ቅድመ ምህንድስና ትምህርት ለምን ይጠቅማል?","የፕሪ ምህንድስና ትምህርት ምን ይጠቅመኛል?","ፕሪ ምህንድስና ትምህርት ምን ይጠቅማል?","የፕሪ ምህንድስና ጥናት ለምን ያስፈልጋል?"],
        "responses": ["ተማሪዎች የምህንድስና ማስተዋወቂያ ትምህርትን ፣ መሰረታዊ የሳይንስ ኮርሶችን ፣ የቋንቋ ትምህርቶችን ፣ የኮምፒተር ትምህርቶችን (ኮርስ) እና የዩኒቨርሲቲ የጋራ ኮርሶችን የሚያጠቃልሉ የምህንድስና መሰረታዊ ነገሮችን በቅድመ ምህንድስና (ፕሪ ኢንጂነሪንግ) መውሰድ አለባቸው ፡፡ እነዚህ ትምህርቶች የምህንድስና ማስተዋወቂያ ኮርሶችን ጨምሮ የተማሪዎችን አጠቃላይ ትምህርት ሰፋ ለማድረግ ይረዳሉ እንዲሁም ተማሪዎች የተለያዩ የመማር ማስተማር ስራዎች ጣዕም እንዲያገኙ ያስችላቸዋል ፡፡ ተማሪዎች በዲፓርትመንት ምርጫ ወቅት በእውቀት ምርጫ እንዲወስኑ የሚረዳቸውን ፣እነዚህን ኮርሶች በማጥናት ጥንካሬዎቻቸውን እና ፍላጎታቸውን በተሻለ ሊረዱ ይችላሉ ፡፡"]
      },
      
      {
        "tag": "ኢንጂነሪንግ ለመግባት",
        "patterns":["ኢንጂነሪንግ ለመመዝገብ","ኢንጂነሪንግ ምዝገባ","ኢንጂነሪንግ ለመግባት","ኢንጂነሪንግ ለመግባት የሚያስፈልጉ ነገሮች","ወደ የምህንድስና ፋካልቲ ለመግባት ምን አይነት መመዘኛዎች ያስፈልጉኛል?","ወደ የምህንድስና ፋካሊቲ ለመግባት ምን ማድረግ አለብኝ?","ወደ የምህንድስና ክፍል ለመግባት ምን መስፈርት ነው ሚያስፈልገው","የኢንጂነሪንግ ፋካሊቲ ለመመዝገብ ምን አይነት መመዘኛዎች ያስፈልጉኛል?","የምህንድስና ፋካሊቲ ለመግባት ምን አይነት መመዘኛዎች ያስፈልጉኛል?","የምህንድስና ዲፓርትመንት ለመመዝገብ ምን ያስፈልጋል?","ምህንድስና ዲፓርትመንት ለመመዝገብ የሚያስፈልጉ ነገሮች?","የምህንድስና ዲፓርትመንት ለመግባት ምን ያስፈልጋል?","በምህንድስና ለመመዝገብ የሚያስፈልጉ ንገረኝ?"],
        "responses": ["የቅድመ ምረቃ ምህንድስና መርሃ ግብሮች ምዝገባ የመሰናዶ ትምህርት ቤት ፕሮግራሙን ማጠናቀቅን የሚገልፅ ድጋፍ(ምስክር ወረቀት) እና ከኢትዮጵያ ከፍተኛ ትምህርት መግቢያ የምስክር ወረቀት (EHEECE) ውስጥ አስፈላጊውን የማለፊያ ነጥብን ያገኙት መሆንዎን የሚገልፅ ማቅረብ ይኖርባቹኃል፡፡ በተጨማሪ EIT-M ፋካሊቲ በትምህርት ሚኒስቴር (MoE) እና / ወይም በዩኒቨርሲቲው በተመደበው የመግቢያ ብቃት ምዘና የሚያሟሉ በኢንጂነሪንግ ክፍለ ትምህርት ለማስተማርና ለማሠልጠን ተማሪዎችን ይቀበላል።"]
      },
      
      
     
      {
        "tag": "በትምህርት ምክንያት መባረር",
        "patterns":["በትምህርት ምክንያት መባረር","በትምህርት መባረር","የተባረረ ይመዘገባል","የተባረረ መመዝገብ","በትምህርት ውጤት ምክንያት ከተባረርኩ ዲጋሜ መመዝገብ ይቻላል?","በትምህርት ውጤት ምክንያት ከተባረርኩ ምንድ ነው?","በትምህርት ውጤት ምክንያት ከተባረርኩ ምን አደርጋለሁ","በትምህርት ውጤት ምክንያት ከተባረርኩ ምን ማድረግ አለብኝ?","በትምህርት ውጤት የተባረረ ምን ያደርጋል?","በውጤቴ ምክንያት ትምህርት ለምድገም ከተፈቀድልኝ ምንድ ነው ማጠናው?","በትምህርት ምክንያት ድጋሜ ለመማር የተፈቀድለት ተማሪ ሁሉም ኮርሶች ነው የሚማረው?","በትምህርት ምክንያት ድጋሜ ለመማር የተፈቀድለት ተማሪ ሁሉም ኮርሶች ነው የሚደግመው?","በትምህርት ምክንያት ድጋሜ ለመማር የተፈቀድለት ተማሪ ሁሉም ትምህርት ነው የሚደግመው?"],
        "responses": ["በትምህርታዊ ምክንያቶች የተባረረ እና መልሶ መመዝገብ የተፈቀደለት ተማሪ ፣ ተማሪውን የተባረረበት ሴሚስተር እንደገና ይደግማል፤ እናም አካዴሚያዊ ጉድለት ያሳየበትን ትምህርት ብቻ እንዲመዘገብ ይፈቀድለታል።"]
      },
      
      {
        "tag": "መርሃ ግብሮች ፕሮግራም",
        "patterns":["መርሃ ግብሮች ፕሮግራም","የዩኒቨርስቲው መርሃ ግብሮች","የዩኒቨርስቲው ካላንደር","የዩኒቨርስቲው መርሀ ግብሮች የት ነው ሚገኘው?","የዩኒቨርስቲው የፕሮግራም ካላንደር የት ነው ሚገኘው?","የዩኒቨርስቲው የፕሮግራም የግዜ ሰሌዳ የት ማየት እችላለሁ?","የዩኒቨርስቲው ፕሮግራሞች የት ነው ሚገኘው?","የዩኒቨርስቲው መርሃ ግብሮች የሚያሳይ የት ነው ሚገኘው?","የዩኒቨርስቲው የፕሮግራሞች ካላንደር የት ነው ምከታተልው?","የዩኒቨርስቲው ካላንደር የት ነው ማየው?"],
        "responses": ["የዩኒቨርስቲው የዓመቱ መርሃግብሮች በዩኒቨርስቲው ድህረገፅ በካላንደር(የቀን መቁጠርያ) ማየት ትችላላችሁ። http://www.mu.edu.et/index.php/academic/academic-program/academic-calendar"]
      },
      
      {
        "tag": "የግዜ ሰሌዳ መቀየር",
        "patterns":["ክፍለ ጊዜ መቀየር","ፈተና መቀየር","የግዜ ሰሌዳ መቀየር","ስኬጁል መቀየር","ፈተና ፕሮግራም ክላሽ ማድረግ","ክላስ ክላሽ መሆን","የፈተና ፕሮግራም መጋጨት","ክላስ መጋጨት","የኮርስ የጊዜ ሰሌዳዬን መለወጥ እችላለሁ?","የክላስ ክፍለ ጊዜ መቀየር ይቻላል?","የክላስ ወይም የፈተና ፕሮግራም ማስቀየር ይቻላል?","የፈተና ፕሮግራም ከተደራረበብኝ መቀየር ይቻላል?","የፈተና ፕሮግራም ግጭት ካጋጠመ ምን ኣደርጋለሁ? ","የፈተና ፕሮግራም ክላሽ ካረገብኝ ምን ኣደርጋለሁ? ","የክላስ ፕሮግራም ክላሽ ካጋጠመ ምን ኣደርጋለሁ? ","የክፍለ ትምህርት ፕሮግራም ግጭት ካጋጠመ ምን ይደረጋል?","የክላስ ወይም የፈተና ፕሮግራም ክላሽ ከሆነብኝ ምን ኣደርጋለሁ?"],
        "responses": ["ሁሉም ተማሪዎች በየክፍለ-ጊዜው በሚመዘገቡት፣ በሬጅስትራር በሚወጣ የክፍል የጊዜ ሰሌዳ መሠረት ትምህርቶቹን ማክበር እና በመደበኛነት መከታተል አለባቸው ፡፡ በእያንዳንዱ ሴሚስተር መጨረሻ እያንዳንዱ ተማሪዎች በሬጅስትራር እና በአመራር በተሰጣቸው የፈተና መርሃ ግብር መሠረት ፈተና መዘጋጀት አለባቸው። ኮርሶችን በመጨመር ምክንያት የትምህርት ፕሮግራም(የክላስ የጊዜ ሰሌዳ) ወይም የፈተና የጊዜ ሰሌዳ  ግጭቶች በሚከሰቱበት ጊዜ አንድ ተማሪ መርሐግብር ለያዘው ሬጅስትራር ጽ / ቤት ሪፖርት ማድረግ አለበት ፡፡ ስለዚህ ሬጅስትራሩ ተቀባይነት ያላቸውን ምክንያቶች ተመልክቶ ውሳኔ ያስተላልፋል ፡፡"]
      },
      
      {
        "tag": "ኮርስ መጣልና መጨመር",
        "patterns":["አድና ድሮፕ","ኮርስ መጨመር ይቻላል","ኮርስ መጣልና መጨመር","ኮርስ አድና ድሮፕ","የኮርስ መጣል ወይም መጨመር ቀነ-ገደቡ መቼ ነው?","ኮርስ መጣልና መጨመር ይቻላል?","ስለ ኮርስ አድና ድሮፕ ንገረኝ?","አድ እና ድሮፕ ምንድ ነው?","ኮርስ መጣልና መጨመር ምንድ ነው?","ስለ ኮርስ መጣልና መጨመር ንገረኝ","ኮርስ መጣልና መጨመር መቼ ነው ሚደረገው?","ኮርስ መጣልና መጨመር መቼ ነው ሚፈቀደው?","ኮርስ መጣልና መጨመር ይፈቀዳል?","ኮርስ የመጣልና መጨመር ቀነ ገደብ መቼ ነው?"],          
        "responses": ["ኮርሶችን መጨመር እና መጣል እንደ የዩኒቨርሲቲው የአካዳሚክ የቀን መቁጠሪያ ተደርጎ ይወሰዳል እናም እስከመቼ እንደተፈቀደ ለማየት በዩኒቨርስቲ ድህረገፁ በካላንደር(የቀን መቁጠርያ) ማየት ትችላላችሁ፡፡ የትምህርት ኮርሶችን መጨመር እና መጣል ከአካዴሚክ አማካሪ(አድቫይዘር) ወይም ከኮርስ ቡድን መሪ ፣ ወይም ዲፓርትመንት ኃላፊ / ፕሮግራም አስተባባሪ ጋር በመመካከር በተማሪው የአመቱ የትምህርት ቀን መቁጠሪያ ላይ ቀነ ገደቡ ከመድረሱ በፊት ይጠናቀቃል። ተማሪዎች ፕሮግራሙን / ዲፓርትመንቱን / ትምህርቱን እንዳይቀጥሉ የሚከለክሉ ምክንያቶች ካሉ ኮርሶችን እንዲጥሉ ሊገደዱ ይችላሉ ፡፡ ለምሳሌ ቅድምያ የሚሰጥ ኮርስ ውጤት F ከነበረ የሱን ተከታታይ የሆነ ትምህርት ዓይነት(ኮርሶች) እንዲወስድ አይፈቀድም።"]
      },
     
      {
        "tag": "ኮርስ መድገም",  
        "patterns":["ኮርስ መድገም","ኮርስ ድጋሜ መውሰድ ይቻላል?","ኮርስ በምደግምበት ጊዜ ከመጀመርያ ይለያያል?","ኮርስ መድገም ይቻላልን?","ኮርስ መድገም ይቻላል?","ኮርስ መድገም ይፈቀዳል?","ስለ ኮርስ መድገም ንገረኝ?","ድጋሜ ኮርስ ከተማርኩ ምን ይሆናል ውጤቴን?"],
        "responses": ["ውጤት ለመቀየር ወይም ለመሻሻል ኮርስ መድገም ኣይፈቀድም። ነገር ግን በ F ውጤት ምክንያት ከሆነ፣ ያ F ያመጡት ትምህርቱን ይደግማሉ እናም ያመጡት ውጤት ይመዘገብላቿል ነገር ግን ከ C በላይ ውጤት ብያመጡም C ነው የሚመዘገበው። በሌላ ምክንያት ከሆነ ግን ምክንያታቸው ኣስረድተው ተጨባጭ ድጋፍ ደብዳቤ ካለው ተማሪው ያመጣው ውጤት ይመዘገብለታል።"]
      },
      
    
       
        {"tag": "ፈተና ዋጋ",
         "patterns": ["የአሳይመንት ውጤት","ፈተና ከስንት ይሰጣል","አሳይመንት","ፈተና", "አሳይንመንት ከስንት ነው ሚሰጠው","ፈተና ውጤት ከስንት ነው ሚታሰበው?", "ፈተና ከስንት ይታሰባል","አሳይመንት ከስንት ይታሰባል?"],
         "responses": ["አሳይመንቶች እና አጫጭር ፈተናዎች እንደ አስተማሪው አሰጣጥ ሁኖ ጠቅላላ ከ 50% ይታሰባል፤ የመጨረሻ ፈተና ደሞ ከ 50% ይታሰባል።"],
         "context": [""]
        },
      
      {
        "tag": "ፈተና ኣለመፈተን",
        "patterns":["ፈተና ኣለመፈተን","ፈተና ካልተፈተንኩ","ፈተና ካለፈብኝ","አሳይመንት ካላስረከብኩ","አሳይመንት የማስረከብያ ጊዜ ካለፈብኝ","ፈተና ካመለጠኝ ምን አደርጋለሁ?","ፈተና ካለፈኝ ምን ኣደርጋለሁ?","የሆነ ፈተና ካለፈኝ ምን አደርጋለሁ?","አጭር ፈተና ካለፈኝ ምን አደርጋለሁ?","ፈተና ካልተፈተንኩ ምን ማድረግ ኣለብኝ?","የመጨረሻ ፈተና ካልተፈተንኩ ለማን ነው ሪፖርት ማደርገው?","ፋይናል ፈተና ካለፈኝ ለማን ነው ማሳውቀው?","ፋይናል ፈተና ካለፈኝ ምን አደርጋለሁ?","አጫጭር ፈተና፣ አሳይንመንትና ፋይናል ፈተና ካለፈኝ ምን ማድረግ አለብኝ?"],
        "responses": ["ተማሪው በሆስፒታል መተኛት ወይም አደጋዎች ፣ ሥነ ልቦናዊ ችግሮች ፣ በወሊድ ምክንያት ወዘተ ያሉ ሁኔታዎችን በፈተና ካልነበረ ፈተናው ለመፈተን ከቀጣዩ ሴሚስተር ትምህርት ከጀመረ በኋላ በአንድ ሳምንት ውስጥ ከሚከተሉት ሰነዶች አንዱን ማቅረብ አለበት-1. ለሕክምና እና ለሥነ ልቦና ችግሮች የህክምና የምስክር ወረቀቶች ፣ 2. ከሌሎች ማህበራዊ ችግሮች በፍርድ ቤት የተረጋገጠ ሰነዶች; 3. በሌሎች ምክንያቶች የተነሳ ከሆነ ከሚመለከታቸው የመንግሥት ቢሮዎች የተረጋገጠ ሰነድ፡፡"]
      },
      
      {
        "tag": "ፈተና ማራዘም",
        "patterns":["ፈተና ማራዘም","ፈተና ማራዘም ይቻላል?","የፈተና ፕሮግራም ማራዘም እችላለሁ?","የፈተና ጊዜ ሰሌዳ ማራዘም ይቻላል?","የፈተና ጊዜ ማራዘም ይቻላል?"],
        "responses": ["ፈተናው ለማራዘም ተማሪው ኣስፈላጊ ማስረጃ ካመጣ ብቻ ነው። ለምሳሌ 1. ለሕክምና እና ለሥነ ልቦና ችግሮች የህክምና የምስክር ወረቀቶች ፣ 2. ለሌሎች ማህበራዊ ችግሮች በፍርድ ቤት የተረጋገጠ ሰነዶች 3. በሌሎች ምክንያቶች የተነሳ ከሆነ ከሚመለከታቸው የመንግሥት ቢሮዎች የተረጋገጠ ሰነድ ማምጣት ይኖርበታል፡፡"]
      },
      
      {
        "tag": "በፈተና ወቅት መታመም",
        "patterns":["በፈተና ወቅት መታመም","በፈተና ውስጥ መታመም","በፈተና ካመመኝ","በፈተና መታመም","በፈተና ውስጥ ከታመምኩ ምን አደርጋለሁ?","ፈተና ወቅጥ ላይ ካመምኩ ምን ማድረግ አለብኝ?","ፈተና ጊዜ ከታመምኩ ምን አደርጋለሁ?","በፈተና ወቅት ላይ ከታመምኩ ምን ማድረግ ኣለብኝ?","በፈተና ጊዜ ከታመምኩ ለማን አሳውቃለሁ"],
        "responses": ["ተማሪው በርግጠኝነት እንደታመመ የህክምና የምስክር ወረቀቶች ማምጣት አለበት። ከዛ ኣስተማሪው ትክክለኛ ማስረጃ ከሆነ ከተማሪውጋ የሚፈትነው ጊዜ ይነጋገራሉ። በፈተና ክፍለ ጊዜ ከሆነ ደሞ ለፈታኙ ማሳወቅ ይኖርበታል ከዛ ሁሉም የህክምና ማስረጃ ማምጣት ይጠበቅበታል።"]
      },          

    
      {
        "tag":"ፈተና ከተራዘመ",
        "patterns":["ፈተና ከተራዘመ","ፈተና ከተራዘመ መቼ ነው ምፈተነው","ፈተናየን ካራዘምኩት መቼ ነው ምፈተነው?","ፈተና ተራዝሞ ከነበረ መቸ ነው መፈተን ያለብኝ?","ፈተና ከተራዘመልኝ ብኋላ እንዴት ነው ምፈተነው?","ፈተና ካለፈኝ እናም ኣሳምኝ ምክንያት ካመጣሁ ብኋላ መቼ ነው ምፈተነው?","ፈተና ካለፈኝ እናም ኣሳምኝ ምክንያት ካቀረብኩ ብኋላ መቼ ነው ምፈተነው?"],
        "responses": ["ተማሪዎች ፈተናው በአሳምኝ ምክንያት ካራዘሙት ወይም ካልተፈተኑት፣ ከአስተማሪው ጋ በመነጋገር መቼ እንደሚፈተኑ መወሰን ይችላሉ።"]
      },     
    
           
    
      {
        "tag":"የምዝገባ ሂደት",
        "patterns":["ምዝገባ","የምዝገባ ሂደት","ምዝገባ እንዴት ነው ምመዘገበው?","የምዝገባ ሂደት እንዴት ነው?","የምዝገባ ቅደም ተከተል ምንድ ናቸው?","እንዴት ነው መመዝገብ ምችለው?","እንዴት ነው ምመዘገበው?","የምዝገባ ቅደም ተከተል ንገረኝ?","የምዝገባ ሂደት ንገረኝ?","ለምዝገባ ምን ያስፈልጋል?","ለምዝገባ ምን ማቅረብ አለብኝ?","ለመመዝገብ ምን ያስፈልጋል?"],
        "responses": ["ተማሪዎች መመዝገብ የሚችሉት በሬጅስትራር በወጣ የጊዜ ሰሌዳ መሰረት ብቻ ነው፤ እናም የተማሪዎችን ምደባ እና ምዝገባ በትምህርት ሚኒስቴር ለተመደቡ ወይም በዩኒቨርሲቲው ተቀባይነት ላላቸው ተማሪዎች ብቻ ነው ሚካሄደው፡፡ እናም የምዝገባ ሂደቶቹ እንደሚከተለው ነው፤ 1. አንድ እጩ ተማሪ ተቀባይነት እና ምደባን ተከትሎ በትምህርት ዓመቱ መጀመሪያ ላይ ለመደበኛ ጥናቱ መመዝገብ አለበት፡፡ 2. የተማሪው ፋይል በትምህርት ላይ እንዳለ ለማሳወቅ እያንዳንዱ ተማሪ በእያንዳንዱ ሴሚስተር መጀመሪያ መመዝገብ አለበት፡፡ በዚህ ሕግ ከፕሮግራሙ በተጠቀሰው ጊዜ ውስጥ በይፋ የወጣው ማስረጃ ከሌለው ወይም ተቀባይነት ካልገኘ ተማሪው ከፕሮግራሙ እንደ ወጣ ተደርጎ ይቆጠራል። 3. እያንዳንዱ ተማሪ ምዝገባውን በአካል መገኘት አለበት፡፡ 4. ለኮርሱ ምዝገባ የሚከናወነው ከዲፓርትመንቱ አማካሪ ጋር በመመካከር ነው፡፡ 5. አንድ ተማሪ የምዝገባ ወረቀቱን በኦንላይን ላይ ለሬጅስትራር ሲያስመዘግብ ወይም የሬጅስትራር ማህተም በይፋዊ ምዝገባ ወረቀት ላይ ሲቀመጥ ምዝገባው እንደ ተጠናቀቀ ይቆጠራል።"]
      },     
    
      {
        "tag":"ምዝገባ ችግር",
        "patterns":["ምዝገባ ችግር","የምዝገባ ችግር ካለብኝ ምን አደርጋለሁ?","ምዝገባ ላይ ችግር ካጋጠመኝ ለማን አሳውቃለሁ","በምዝገባ ጊዜ መመዝገብ ካልቻልኩ ምን ማድረግ አለብኝ?","በምዝገባ ጊዜ ችግር ካጋጠመኝ ምንድ ነው ማደርገው?","በምዝገባ ጊዜ ችግር ካጋጠመኝ ምን አደርጋለሁ?"],
        "responses": ["አንድ ተማሪ የምዝገባ ችግር ካለው መጀመርያ ከአድቫይዘሩ ተነጋግሮ ለዲፓርትመንት ኅላፊ እናም ለሬጅስትራር ማሳወቅ ይኖርበታል።"]
      },     
    
      {
        "tag":"ዳግም ምዝገባ",
        "patterns":["ዳግም ምዝገባ","ድጋሜ ምዝገባ","ዳግም መመዝገብ","ድጋሜ ለመመዝገብ ምን ማድረግ አለብኝ?","ድጋሜ ለመመዝገብ ምን ያስፈልገኛል?","በድጋሜ እንዲመዘገብ የሚያስፈልጉ ነገሮች ንገረኝ?","ድጋሜ ለመመዝገብ ምን መከተል አለብኝ?","ዳግም ለመመዝገብ ምን አደርጋለሁ?","ዳግም ምዝገባ ምን ያስፈልጋል?","ድጋሜ ለመመዝገብ የሚያስፈልጉ ንገረኝ?", "ድጋሜ ለመመዝገብ ምን ያስፈልጋል?"],
        "responses": ["ተማሪዎች ድጋሜ ለመመዝገብ የሚከተሉትን መምርያዎች መከተል ኣለባቸው 1. ተማሪው በትክክል ስርዓት ተከትለው ከዩኒቨርሲቲው የለቀቀ(ዊዝድረው ያደረገ) ዳግም ለመመዝገብ ቅድሚያ ይሰጠዋል ፡፡ 2. ተማሪውን ለቀው የወጣ ወይም ትምህርቱን አቋርጦ የሄደበት ምክንያት ከተገቢው ተቋም ትክክለኛ ማስረጃ ካቀረበ እንደገና ምዝገባ ለማድረግ ብቁ ሊሆን ይችላል ፡፡ 3. በትምህርታዊ ምክንያቶች የተባረረ እና መልሶ መመዝገብ የተፈቀደለት ተማሪ ፣ ተማሪውን የተባረረበት ሴሚስተር እንደገና ይደግማል፡፡ 4. ዳግም ለመመዝገብ ተቀባይነት ያገኘ ተማሪ፣ አካዴሚያዊ ጉድለት ያሳየበትን ትምህርት ብቻ እንዲመዘገብ ይፈቀድለታል ፡፡5. ከ 90% በላይ ብቁ ተሳትፎ (አቴንዳንስ) ያለው ተማሪ፣ ድጋሜ እንዲመዘገብ ይፈቀድለታል ሆኖም ግን ከሴሚስተር ፈተና ሁለት ሳምንት በፊት መመዝገብ ኣለበት፡፡ 7. ከዩኒቨርሲቲ ከወጣ በኋላ ተማሪው ቢያንስ ከወጣበት አንድ ሴሚስተር በኋላ እንደገና ለመመዝገብ ማመልከቻ ማስገባት አለበት ፡፡"]
      }, 
    
      {
        "tag":"ዊዝ ድረው",
        "patterns":["ዊዝ ድረው","ዊዝድረው ማለት ምን ማለት ነው?","ዊዝድረው ምንድ ነው?","ስለ ዊዝድረው ንገረኝ","ዊዝድረው ምን ማለት ነው?","ስለ ዊዝድረው እስኪ ንገረኝ"],
        "responses": ["ዊዝድረው(መልቀቅ) ማለት ስርዓተ ትምህርቱን በተለያየ ምክንያቶች መልቀቅ ወይም መተው ነው፡፡ ዊዝድረው የሚፈቀደው አሳማኝ ምክንያት ላለው ብቻ ነው።"]
      },
    
     {
        "tag":"የዊዝ ድረው ጊዜ",
        "patterns":["የዊዝ ድረው ጊዜ","የዊዝድረው ቀነገደቡ መቼ ነው?","ዊዝድረው መቼ ነው ሚደረገው?","ዊዝድረው የሚደረገው መቼ ነው?","የዊዝድረው ጊዜ ንገረኝ?","ዊዝድረው ማድረግ ይቻላል?"],
        "responses": ["ዊዝድረው የሚፈቀደው አሳማኝ ምክንያት ላለው ነው። ነገር ግን ቀነ-ገደቡ መቼ እንደሆነ ለማወቅ ከፈለግክ በሬጂስትራር የወጣ የጊዜ ሰሌዳ መመልከት ይቻላል።"]
      },
    
     {
        "tag":"የተማሪዎች ጥቅማጥቅሞች",
        "patterns":["የተማሪዎች ጥቅማጥቅሞች","ለተማሪዎች የተዘጋጀ","ለተማሪዎች ምን ምን የሚያስፈልጉት ነገሮች አሉ?","ዩኒቨርስቲ ውስጥ ለተማሪዎች ምን ምን የሚያስፈልጉት ነገሮች አሉ?","ለተማሪዎች የሚያስፈልጉ በዩኒቨርስቲ ውስጥ ምን ኣሉ?","ዩኒቨርስቲ ውስጥ ለኛ ሚያስፈልግ ምን አለ?","ዩንቨርስቲ ለተማሪዎች ምን ያቀርባል?","ዩኒቨርስቲ ውስጥ ለተማሪዎች የተዘጋጁ ነገሮች ዘርዝርልኝ?","ዩኒቨርስቲ ውስጥ ለተማሪዎች የተዘጋጁ ምንድ ናቸው?","በዩኒቨርስቲ ውስጥ ለተማሪዎች ሚጠቅም ምን አለ?","በዩኒቨርስቲ ውስጥ ለተማሪዎች የተዘጋጁ ንገረኝ?","በዩኒቨርስቲ ውስጥ ለተማሪዎች የሚጠቀሙ ንገረኝ?"],
        "responses": ["በዩንቨርስቲው ውስጥ ለተማሪዎች የተዘጋጁ ብዙ ነገሮች ኣሉ። ለምሳሌ 1. የትምህርት መመርያ ክፍሎች፣ኮምፒተሮች፣የኢንተርኔት አክሰስ፣የዕለት ዕለት ምግብ፣ መዝናኛዎችና የተለያዩ ነገሮች ያገኛሉ።"]
      },
      
     {
        "tag":"ዲፓርትመንት ልውውጥ",
        "patterns":["ዲፓርትመንት ልውውጥ","ዲፓርትመንት መለወጥ","ዲፓርትመንት መቀየር","ዲፓርትመንት መቀያየር","ከአንድ ዲፓርትመንት ወደ ሌላ ዲፓርትመንት እንዴት መቀየር እችላለሁ?","ከአንድ ዲፓርትመንት ወደ ሌላ ዲፓርትመንት መቀየር ይቻላል?","ከአንድ ዲፓርትመንት ወደ ሌላ ዲፓርትመንት መቀያየር ይቻላል?","ከአንድ ዲፓርትመንት ወደ ሌላ ዲፓርትመንት ለመቀየር ምን ያስፈልጋል?","ከዲፓርትመንት ወደ ሌላ ዲፓርትመንት መቀየር ይቻላል?","ከአንድ ክፍለ ትምህርት ወደ ሌላ መቀየር ይቻላል?","ከዲፓርትመንት ወደ ሌላ ዲፓርትመንት እንዴት ነው ምቀይረው?","ከዲፓርትመንት ወደ ሌላ ዲፓርትመንት ለመቀየር የሚያስፈልጉ ንገረኝ?","ከዲፓርትመንት ወደ ሌላ ዲፓርትመንት ለመቀያየር የሚያስፈልጉ ንገረኝ?","ከዲፓርትመንት ወደ ሌላ ዲፓርትመንት መቀየር ፈልጌ ነበር?"],
        "responses": ["የዩኒቨርሲቲ የአንደኛ አመት ተማሪዎች የመጀመሪያው ዓመት ሴሚስተር ከመጀመሩ በፊት በዩኒቨርሲቲው ውስጥ በአንድ ኮሌጅ ውስጥ ዲፓርትመንት ለመቀያየር ማመልከት ይችላሉ፤ ይህም ለማድረግ፡ 1. በኮሌጅ ውስጥ ከአንድ ክፍለ ትምህርት(ዲፓርትመንት) ወደ ሌላ እንዲዛወር የጠየቁ የመጀመሪያ ዓመት ተማሪዎች የላኪው እና የተቀባዩ ዲፓርትመንቶችን ፊርማ ማግኘት አለባቸው ፡፡ 2. በዩኒቨርሲቲው ውስጥ እንዲዛወር የሚጠይቁ ተማሪዎች ወደ ሌላ ዲፓርትመንት ከመዛወራቸው በፊት በመጀመሪያ በየራሳቸው ዲፓርትመንቶች መመዝገብ አለባቸው ፡፡ 3. የኮርሶች የመጨመር እና የመጣል ጊዜ ካለፈ በኋላ ማንኛውም የቅያሬ(ለውጥ) ማመልከቻዎች ማስተናገድ አይቻልም ፡፡ 5. ማንኛውም ተማሪ በዲፓርትመንት ውስጥ 50% ኮርሶችን ከወሰደ በኋላ እንዲዛወር አይፈቀድለትም ፡፡"]
      },
    
     {
        "tag":"ዩኒቨርስቲ መቀየር",
        "patterns":["ዩኒቨርስቲ መለወጥ","ዩኒቨርስቲ መቀየር","ከዩኒቨርስቲ ወደ ዩኒቨርስቲ መቀየር","ከዩኒቨርስቲ ወደ ዩኒቨርስቲ መቀያየር","ከዩኒቨርስቲ ወደ ዩኒቨርስቲ መለወጥ","ከአንድ ዩኒቨርስቲ ወደ ሌላ ዩንቨርስቲ እንዴት መለወጥ እችላለሁ?","ከአንድ ዩኒቨርስቲ ወደ ሌላ ዩንቨርስቲ እንዴት መቀየር ይቻላል?","ከአንድ ዩኒቨርስቲ ወደ ሌላ ዩንቨርስቲ መቀየር ይቻላልን?","ከዩኒቨርስቲ ወደ ሌላ ዩንቨርስቲ መቀየር ይቻላል?","ከዩኒቨርስቲ ወደ ሌላ ዩንቨርስቲ መቀየር እችላለሁ?"],
        "responses": ["መቀየር ይቻላል ነገር ግን የሚከተሉትን ነገሮች ሟሟላት ኣለበት፦ 1. አንድ ተማሪ ከባድ የጤና ችግር (መጥፎ የጤና ሁኔታ) ምክንያት ካለው  ዩኒቨርስቲው ሊቀበለው ይችላል፤ ነገር ግን በሕክምና ቦርድ የተሰጠ የምስክር ወረቀት የድጋፍ ደብዳቤ የቤተሰብ እንክብካቤ እንድሚያስፈልገው ፣ ወይም ዩኒቨርሲቲው ተቀባይነት እንዳገኘ የሚያደርጋቸው ሌሎች ድጋፍ ደብዳቤ ማቅረብ አለበት፡፡ 2. ወደ ዩኒቨርስቲ ዝውውር ለማስገባት የሚያመለክተው ተማሪ በኢትዮጵያ ከሚገኙት የመንግስት ዩኒቨርሲቲዎች ውስጥ የተመዘገበ መሆን አለበት። 3. ማንኛውም የዝውውር ማረጋገጫ የመጨረሻ ይሆናል ተብሎ የሚወሰድ ከሆነ አመልካቹ (ተማሪው) ከተመዘገበበት የቀድሞው ዩኒቨርሲቲ በትክክል(ኦፊሻላዊ) መዝገብ ካወጣ ብቻ ነው። 4. ከማንኛውም መንግስታዊ ወይም ግላዊ ዩኒቨርሲቲ ወይም በዩኒቨርሲቲ ውስጥ ካሉ ማንኛውም መርሃ ግብሮች የተባረረ ተማሪ በዩኒቨርሲቲው ውስጥ ወደ ማንኛውም ፕሮግራም እንዲዛወር አይፍቅድለትም።"]
      },    
    
     

        {
        "tag": "ዲፓርትመንቶች",
        "patterns":["ዲፓርትመንቶች ዘርዝርልኝ","ዲፓርትመንቶች","ምህንድስና ዲፓርትመንቶች","በመቐለ ዩኒቨርሲቲ የኢንጂነሪንግ ዲፓርትመንቶች ዘርዝርልኝ","የመቐለ ዩኒቨርሲቲ ኢንጂነሪንግ ዲፓርትመንቶች?","በመቐለ ዩኒቨርሲቲ ኢንጂነሪንግ ዲፓርትመንቶች ሚሰጡ ንገረኝ","በመቐለ ኢ ኣይ ቲ ኤም የሚሰጡ ፕሮግራሞች ምንድ ናቸው?","በመቀለ ዩኒቨርሲቲ ያሉት የኢንጂነሪንግ ዲፓርትመንት ንገረኝ","በመቐለ ዩኒቨርሲቲ የሚሰጡ የምህንድስና ፕሮግራሞች ንገረኝ"],
        "responses": ["የመቐለ ዩኒቨርሲቲ EIT-M የአካዳሚ የመጀመሪያ ድግሪ መርሃግብሮች-1. ሥነ-ህንፃ ዲዛይን(አርክቴክቸር) 2. የከተማ ፕላን እና ዲዛይን(አርባን ፕላኒንግና ዲዛይን) 3. ሲቪል ኢንጂነሪንግ 4. የውሃ ሀብት እና የመስኖ ኢንጂነሪንግ(ወተር ሪሶርስና ኢሪጌሽን ኢንጂነሪንግ) 5. ኤሌክትሪክ እና ኮምፒተር ኢንጂነሪንግ(ኤሌክትሪካልና ኮምፒተር ኢንጂነሪንግ) 6. መካኒካዊ ምህንድስና(መካኒካል ኢንጂነሪንግ) 7. የኢንዱስትሪ ኢንጂነሪንግ(ኢንዳስትሪያል ኢንጂነሪንግ) 8. ኬሚካዊ ኢንጂነሪንግ(ኬሚካል ኢንጂነሪንግ) 9. የኮምፒተር ሳይንስ 10. የመረጃ ሥርዓቶች(ኢንፎርሜሽን ስይስተም) 11. የሶፍትዌር ኢንጂነሪንግ ናቸው፡፡ ስለ የቱን ምህንድስና ዲፓርትመንት ማወቅ ትፈልጋላችሁ?"],
            "context_set": ""
      },

        {
          "tag": "ኢንጂነሪንግ",
          "patterns": ["ኢንጂነሪንግ","ምህንድስና ምንድ ነው?","ምህንድስና ስለ ምንድ ነው ሚያጠና?","ምህንድስና ስለ ምን ያጠናል?","ምህንድስና ግለፅ?","ስለ ምህንድስና ግለፅልኝ?","ምህንድስናን አብራራልኝ","ስለ ምህንድስና ንገረኝ","ምህንድስና ምን ማለት ነው?"],
          "responses": [" በመተርጎሚያ ላይ በፍልስፍና ውስጥ የሳይንስና የሂሳብ ተግባራዊ ትግበራ ተብሏል። በሳይንስ (በሂሳብ እርዳታ) ወደ ህይወት ተግባራዊ ፣ ተጨባጭ የዓለም ነገሮች የሚያሳይ ነው።ስለዚህ በትክክለኛ እውነታ፣ ምህንድስና የተተገበረ ሳይንስ ነው። ስለ ምህንድስና ሌላ ማወቅ ትፈልጋለህ?"],
          "context_set": "እውቀት"
        },
        
        {
        "tag": "ስለ ኢንጂነሪንግ በይበልጥ",
        "patterns": ["አዎ እፈልጋለሁ","አዎ","እፈልጋለሁ","አው","እንዴታ","በደምብ ነዋ"],
        "responses": ["እሺ ጠይቀኝ ስለ የምህንድስና ጥቅሞች ወይስ ስለ ምህንድስና የሚሰራበት ቦታ የቱን ልንገርህ?"],
        "context_filter": "እውቀት"
      },
         
         {
        "tag": "የምህንድስና ጥቅሞች",
        "patterns": ["የምህንድስና ጥቅሞች","የምህንድስና ጥቅም","የምህንድስና ጠቀሜታው ምንድ ነው?","የምህንድስና ጥቅም ምንድ ነው?","ምህንድስና ምንድ ነው ጥቅሙ?","ምህንድስና ምን ጥቅም አለው?","ምህንድስና ጥቅም አለው?","ምህንድስና መማር ምንድ ነው ጥቅሙ?","ምህንድስና መማሬ ምን ጥቅም አለው?","የምህንድስና ጥቅሞች ንገረኝ?","የምህንድስና ጥቅሞች ዘርዝርልኝ?","የምህንድስና ጥቅም ንገረኝ?","የምህንድስና ጠቀሜታ ምንድ ነው?"],
        "responses": ["ምህንድስና ብዙ ነው ጥቅሙ፤ በጠቅላላ ምህንድስና ቤት ለምስራት፣ድልድዮች ለመገንባት፣ኤለትሪክ ኮንትሮል ለማረግ፣ተላልቅ ህንፃ ለመገንባት፣ የተለያዩ መሽኖች ለመፍጠር እና ኣዳዲስ ፈጠራወች ለመፍጠር ይረዳል።"]
      },
                       
          
      {
          "tag":"ምህንድስና ሚሰራበት ቦታ",
          "patterns":["ምህንድስና ሚሰራበት ቦታ","ምህንድስና ሚሰራበት","ምህንድስና የሚሰራበት","ምህንድስና የሚሰራበት ቦታዎች የት ናቸው?","ምህንድስና የሚሰራበት ቦታ?","በምህንድስና የት የት መስራት ይቻላል?","ምህንድስና የት ተግባራዊ ማድረግ እንችላለን?","ምህንድስና የሚሰራበት?","ምህንድስና የሚሰራበት ንገረኝ?","ምህንድስና የሚሰራበት ቦታዎች ንገረኝ?","በምህንድስናን የት መስራት እንችላለን?","በምህንድስና የት የት መስራት ይቻላል?","ምህንድስና የት መጠቀም እንችላለን?","ምህንድስና የት መጠቀም ይቻላል?","በምህንድስና ከጨረስን በኋላ የት መስራት እችላለሁ?","በምህንድስና ከጨረስን በኋላ የት መስራት እንችላለን?","በምህንድስና ከጨረስን በኋላ የት መስራት እንዳለብኝ ንገረኝ?"],
          "responses": ["በውሃ፣በኤለክትሪክ ሃይል፣በመንገድ ግንባታ፣በአምራች ኢንዳስትሪዎች እና ካምፓኒዎች መጠቀም እንችላለን","በተለያዩ ድርጂቶች አና አምራች ካምፓኒዎች መተግበር ይቻላል"]
        },
    
       {
         "tag": "ሲቪል ምህንድስና",
         "patterns": ["ሲቪል ምህንድስና","ሲቪል ምህንድስና ምንድ ነው?","ስለ ሲቪል ምህንድስና?","ሲቪል ምህንድስና ግለጽልኝ","ሲቪል ምህንድስና ምንድ ነው ሚያጠናው?","ሲቪል ምህንድስና ስለ ምን ያጠናል","ሲቪል ኢንጂነሪንግ ምንድን ነው?","ሲቪል ምህንድስናን ኣብራራልኝ","የሲቪል ምህንድስና ጥቅም?","የሲቪል ምህንድስና ስትሪም","የሲቪል ምህንድስና ንኡስ ክፍሎች","ስለ ሲቪል ምህንድስና ንገረኝ"],
         "responses": ["ሲቪል ኢንጂነሪንግ እንደ መንገዶች ፣ ድልድዮች ፣ ቦዮች ፣ ግድቦች ፣ የባቡር ሐዲዶች፣ አውሮፕላን ማረፊያዎች ፣ የፍሳሽ ማስወገጃ ሥርዓቶች ፣ የቧንቧ መስመሮች ፣ የህንፃዎች መዋቅራዊ አካላት እና የግንባታ እና ተፈጥሮአዊ የተገነባ አከባቢ ዲዛይን ፣ ግንባታ እና ጥገና ጋር የተገናኘ የባለሙያ ምህንድስና ተግሣጽ ነው። ሲቪል ኢንጂነሪንግ ብዙ የሚሰራበት ቦታዎች አሉት፡ በመንግስታዊው ዘርፍ ከማዘጋጃ ቤት እስከ ብሄራዊ መንግስት እንዲሁም በግል ሴክተሮች ከግል የቤት ባለቤቶች ጀምሮ እስከ ዓለም አቀፍ ኩባንያዎች ላይ መስራት ወይም መተግበር ይቻላል፡፡ በሲቪል ምህንድስና መስክ ውስጥ በርካታ ንዑስ-ክፍሎች አሉት: የጂኦቴክኒክ ምህንድስና(ጂኦቴክኒካል ኢንጂነሪንግ) ፣ የመዋቅር ምህንድስና(ስትራክቸራል ኢንጂነሪንግ) ፣ የአካባቢ ምህንድስና(ኢንቫይሮመንታል ኢንጂነሪንግ) ፣ የትራንስፖርት ምህንድስና(ትራንስፖርቴሽን ኢንጂነሪንግ) እና የግንባታ ኢንጂነሪንግ(ኮንስትራክሽን ኢንጂነሪንግ) ከጥቂቶቹ የሲቪል ምህንድስና ዘርፎች ናቸው።"],
           
         "context_filter": ""
        },    

     {
         "tag": "ኬሚካል ምህንድስና",
         "patterns": ["ኬሚካል ምህንድስና","የኬሚካል ምህንድስና ስትሪም?","የኬሚካል ምህንድስና ንኡስ ክፍሎች","የኬሚካል ምህንድስና የት ይሰራል?","የኬሚካል ምህንድስና ኮርሶች?","የኬሚካል ምህንድስና ጥቅም?","ኬሚካል ምህንድስና ምንድ ነው?","ስለ ኬሚካል ምህንድስና?","ኬሚካል ምህንድስና ግለጽልኝ","ኬሚካል ምህንድስና ምንድ ነው ሚያጠናው?","ኬሚካል ምህንድስና ስለ ምን ያጠናል","ኬሚካል ኢንጂነሪንግ ምንድን ነው?","ኬሚካል ምህንድስናን ኣብራራልኝ","ስለ ኬሚካል ምህንድስና ንገረኝ"],
         "responses": ["ኬሚካዊ ምህንድስና የምህንድስና ቅርንጫፍ ሲሆን ኬሚስትሪ ፣ ፊዚክስ ፣ ሂሳብ ፣ ባዮሎጂ እና ኢኮኖሚክስ፣ ውጤታማ ኃይልን(ኢነርጂ) እና ቁሳቁሶችን በብቃት ለመጠቀም ፣ ለማምረት ፣ ዲዛይን ለማረግ፣ ለመጓጓዝ እና ለመቀየር መርህ የሚጠቀም የምህንድስና ቅርንጫፍ ነው። ኬሚካል ምህንድስና በማኑፋክቸሪንግ ፣ በመድኃኒት ምርቶች ፣ በጤና እንክብካቤ ፣ በዲዛይን እና በግንባታ ፣ በሣር እና ወረቀት ፣ በፔትሮኬሚካሎች ፣ በምግብ ማቀነባበሪያ(ፉድ ፕሮሰሲንግ) ፣ በልዩ ኬሚካሎች ፣ በማይክሮኤሌክትሮኒክስ ፣ በኤሌክትሮኒክስ እና በላቀ ቁሳቁሶች ላይ የሚተግበር ምህንድስና ነው። በኬሚካል ምህንድስና ኮርሶችን የሚያጠቃልለው መካኒክስ ፣ ቴርሞዳይናሚክስ ፣ ፊዚክስ፣ ካልኩለስ ፣ ትሪግኖሜትሪ ፣ አልጄብራ እና ጂኦሜትሪ ከጥቂቱ ናቸው። ኬሚካዊ ምህንድስና የተለያዩ ስትሪሞች ያሉት ሲሆን በመካኒካል ምህንድስና ዲፓርትመንት የሚገኙ ግን ባዮኬሚካዊ ኢንጂነሪንግ፣ ፕሮሰስ ኢንጂነሪንግ እናም ኢንቫይሮመንታል ኢንጂነሪንግ ናቸው፡፡"],
         
         "context_filter": ""
      },    
     
   
      {
         "tag": "ኤሌክትሪካል ምህንድስና",
         "patterns": ["ኤሌክትሪካል ምህንድስና","ኤሌክትሪካል ምህንድስና ምንድ ነው?","ስለ ኤሌክትሪካል ምህንድስና?","ኤሌክትሪካል ምህንድስና ግለጽልኝ","ኤሌክትሪካል ምህንድስና ምንድ ነው ሚያጠናው?","ኤሌክትሪካል ምህንድስና ስለ ምን ያጠናል","ኤሌክትሪካል ኢንጂነሪንግ ምንድን ነው?","ኤሌክትሪካል ምህንድስናን ኣብራራልኝ","ስለ ኤሌክትሪካል ምህንድስና ንገረኝ"],
         "responses": ["የኤሌክትሪካል ምህንድስና፦ ኤሌክትሪክ ፣ ኤሌክትሮኒክስ እና ኤሌክትሮማግኔቲክስ የሚጠቀሙ የመሣሪያዎች እና ስርዓቶች ጥናት ፣ ዲዛይንና አተገባበር የሚመለከት የቴክኒክ ሥነ-ስርዓት ነው፡፡ የኤሌክትሪካል ምህንድስና በፊዚክስ ፣ በሂሳብ ፣ በኮምፒተር ሳይንስ ፣ በኤሌክትሮማግኔቲክስ ፣ በኤሌክትሮኒክስ እንዲሁም በመሠረታዊ የኤሌክትሪክ እና በኤሌክትሮኒክስ ምህንድስና ጽንሰ-ሀሳቦች ላይ የሚያቶክር ምህንድስና ሲሆን፣ ኤሌክትሪክ ሰርኩይትስ፣ ዲጂታል ሎጂክ፣ ኢምበድድ ስይስተምስ፣ ሲግናልስ እና ስይስተምስ፣ የኤሌክትሮኒክስ ሰርኩይትስ እና ስይስተምስ፣ ኮምኒኬሽን ስይስተምስ ወዘተ የመሳሰሉት ዋናዋና ኮርሶች አሉት። የኤሌክትሪካል ምህንድስና ብዙ ስትሪሞ ያሉት ሲሆን ነገር ግን በጣም የተለመዱት ፓወር(ኃይል)፣ ኮንትሮል፣ ኤሌክትሮኒክስ እናም፣ ኮምኒኬሽን ናቸው ፡፡"],
          
         "context_filter": ""
      },    
     
      

      {
         "tag": "ኢንዳስትሪያል ምህንድስና",
         "patterns": ["ኢንዳስትሪያል ምህንድስና ምንድ ነው?","ስለ ኢንዳስትሪያል ምህንድስና?","የኢንዳስትሪያል ምህንድስና ጥቅም?","ኢንዳስትሪያል ምህንድስና ግለጽልኝ","ኢንዳስትሪያል ምህንድስና ምንድ ነው ሚያጠናው?","ኢንዳስትሪያል ምህንድስና ስለ ምን ያጠናል","ኢንዳስትሪያል ኢንጂነሪንግ ምንድን ነው?","ኢንዳስትሪያል ምህንድስናን ኣብራራልኝ","ስለ ኢንዳስትሪያል ምህንድስና ንገረኝ"],
         "responses": ["የኢንዱስትሪያል ምህንድስና- የተዋሃዱ የሰዎች ፣ የገንዘብ ፣ የዕውቀት ፣ የመረጃ ፣ የመሣሪያ ፣ የኃይል እና የቁሶች ስብስቦችን በማዘጋጀት ፣ በማሻሻል እና በመተግበር የተወሳሰበ ሂደቶች ፣ ስርዓቶች ወይም ድርጅቶች ማመጣጠን የሚያሳስብ የምህንድስና ሙያ ነው።ኢንዳስትሪያል ምህንድስና በማኑፋክቸሪንግ፣ በኢንጂነሪንግ ኢንዱስትሪዎች፣ በእውቀት ማኔጅመንት ፣ ፈጠራ ፣ የቴክኖሎጂ አስተዳደር ፣ የለውጥ አያያዝ ቦታዎች ላይ መተግበር ወይም መስራት የሚችል የምህንድስና ቅርንጫፍ ሲሆን የምርቶች አስተማማኝነት ወይም ጥራት እንዲኖረው ወይም እንዲሻሻል የሚያደርግ የምህንድስና አይነት ነው። በኢንዳስትሪያል ምህንድስና የሚወሰዱ የትምህርት ዓይንቶች እንደ ኬሚስትሪ ፣ ፊዚክስ ፣ መካኒክስ (ማለትም ፣ እስታስቲክስ ፣ ካይነማቲክስ ፣ እና ተለዋዋጭ(ዳይናሚክስ)) ፣ የቁሶች ሳይንስ (ማተርያል ሳይነስ) ፣ የኮምፒተር ሳይንስ ፣ ኤሌክትሮኒክስ / ሰርኪዩትስ ፣ የምህንድስና ዲዛይን እና የምህንድስና ሂሳብ መደበኛ ክልል (ማለትም ፣ ካሊኩለስ ፣ መስመራዊ አልጀብራ ፣ የተለያዩ ስሌቶች (ዲፈረንሻል ኢኮዥን) ፣ ስታቲስቲክስ) የመሳሰሉት ከጥቂቶቹ ናቸው። "],
         "context_filter": ""
      },    
        
    
          
      {
         "tag": "ሜካኒካል ምህንድስና",
         "patterns": ["ሜካኒካል ምህንድስና","ሜካኒካል ምህንድስና ምንድ ነው?","የሜካኒካል ምህንድስና ጥቅም?","ሜካኒካል ምህንድስና የሚሰራበት?","ስለ ሜካኒካል ምህንድስና?","ሜካኒካል ምህንድስና ግለጽልኝ","ሜካኒካል ምህንድስና ምንድ ነው ሚያጠናው?","ሜካኒካል ምህንድስና ስለ ምን ያጠናል","ሜካኒካል ኢንጂነሪንግ ምንድን ነው?","ሜካኒካል ምህንድስናን ኣብራራልኝ","ስለ ሜካኒካል ምህንድስና ንገረኝ"],
         "responses": ["መካኒካል ምህንድስና-የምህንድስና ፣ የፊዚክስ ፣ የምህንድስና ሒሳብ እና የቁሳዊ  ሳይንስ  (ማተርያል ሳይንስ) መሰረታዊ መመሪያዎችን የሚጠቀም ሜካኒካዊ ስርዓቶችን ለመንደፍ ፣ ለመመርመር ፣ ለማምረት እና ለመጠገን የሚተገበር  የምህንድስና ተግሣፅ ነው ፡፡ ይህ እጅግ ጥንታዊ እና ሰፋ ያለ የምህንድስና ስነ-ስርዓት ሲሆን በማሽኖች እና በውስጣቸው ዲዛይን እና ግንባታ ላይ የምህንድስና መሰረታዊ መመሪያዎችን የሚመለከት ሰፊ የምህንድስና ሥነ-ስርዓት ነው ፡፡ መካኒካል ምህንድስና በማኑፋክቸሪንግ፣ በመካኒካዊ ዲዛይን፣ በስይስተም ዳይናሚክስ እና ኮንትሮል፣ በመጓጓዣ ስርዓቶች እና በተለያዩ የምህንድስና ስርዓቶች የሚተገበር የምህንድስና ክፍል ነው። ሜካኒካል ምህንድስና የተለያዩ ንዑስ ክፍሎች ያሉት ሲሆን ሜካኒክስ፣ ሜካትሮኒክስ እና ሮቦቲክስ፣ ስትራክቸራል አናልይስስ፣ ቴርሞዳይናሚክስና ቴርሞሳይንስ፣ ዲዛይንና ድራፍቲንግ ከጥቂተቹ ናቸው። የሜካኒካል ምህንድስና መሠረታዊ ትምህርቶች ወይም ኮርሶች የሚባሉት ሂሳብ (በተለይም ፣ ካልኩለስ ፣ ዲፈረንሻል ኢኮሽንስ፣ እና ሊነር ኣልጀብራ)፣ ቤዚክ ፍዚካል ሳይንስ፣ ስታቲክስ እና ዳይናሚክስ፣ ስትሬንግዝ ኦፍ ማተርያልስ እና ሶሊድ መካኒክስ፣ ማተርያልስ ኢንጂነሪንግ፣ ቴርሞዳይናሚክስ፣ ፍሉድ ሜካኒክስ ከጥቂቱ ናቸው።"],
          
         "context_filter": ""
      },    
    


      {
         "tag": "አርክተክቸር ምህንድስና",
         "patterns": ["አርክተክቸር ምህንድስና","አርክተክቸር ምህንድስና ምንድ ነው?","ስለ አርክተክቸር ምህንድስና?","አርክተክቸር ምህንድስና ግለጽልኝ","አርክተክቸር ምህንድስና ምንድ ነው ሚያጠናው?","አርክተክቸር ምህንድስና ስለ ምን ያጠናል","አርክተክቸር ኢንጂነሪንግ ምንድን ነው?","አርክተክቸር ምህንድስናን ኣብራራልኝ","ስለ አርክተክቸር ምህንድስና ንገረኝ"],
         "responses": ["አርክተክቸር ኢንጂነሪንግ የሕንፃዎች ዕቅድ ፣ ዲዛይን ፣ ግንባታ እና አሠራር የቴክኖሎጂ ገጽታዎች እና ባለብዙ ዲሲፕሊን አካሄድ ጋር የተገናኘ ተግሣጽ ነው። ለምሳሌ የአካባቢ ጥበቃ ሥርዓቶች ትንተና እና የተቀናጀ ንድፍ (የኃይል ጥበቃ (ኢነርጂ ኮንዘርቬሽን) ፣ ብርሃን ፣ አኮስቲክ ፣ አቀባዊ እና አግድም መጓጓዣ) ፣ የመዋቅራዊ ሥርዓቶች ፣ የህንፃ አካላትና ቁሳቁሶች እናም ባህሪዎች ፣ የግንባታ አያያዝ የሚያጠና ነው ፡፡ አርክተክቸር የህንፃ ስርዓቶች ምህንድስና ዲዛይን፣ የልምምድ እና የንድፈ ሀሳብ አተገባበር ሲሆን ህንፃዎችን፣ ክፍት ቦታዎችን እና ሌሎች ሰው ሰራሽ ግንባታዎችና አከባቢዎች ዲዛይን የሚያድረግ ሙያ ነው፤ አብዛኛውን ጊዜ ውበት ያለው ተፅእኖ አለው። አርክተክቸር (ሥነ-ህንፃ) ብዙውን ጊዜ የቤት ዕቃዎች እና ማስጌጫዎች ዲዛይን ወይም ምርጫ፣ የግንባታ ስራ ቁጥጥር፣ እና የነባር ህንፃዎች ምርመራ ወይም እድሳት ለማድረግ ይጠቅማል። የአርክተክቸር የመጀመሪያ ዲግሪ ፕሮግራሞች በሂሳብ ፣ በሳይንስ ፣ በሥነ-ሕንፃ ዲዛይን ፣ በግንባታ እና በንግድ ውስጥ ትምህርቶችን ያካተተ ምህንድስና አይነት ነው፡፡ "],
          
         "context_filter": ""
      }, 
               
    
     {
         "tag": "ኮምፕዩተር ሳይንስ",
         "patterns": ["ኮምፕዩተር ሳይንስ","ኮምፕዩተር ሳይንስ ምንድ ነው?","የኮምፕዩተር ሳይንስ ንኡስ ክፍሎች","የኮምፕዩተር ሳይንስ ስትሪም","የኮምፕዩተር ሳይንስ ጥቅም?","ስለ ኮምፕዩተር ሳይንስ?","ኮምፕዩተር ሳይንስ ግለጽልኝ","ኮምፕዩተር ሳይንስ ምንድ ነው ሚያጠናው?","ኮምፕዩተር ሳይንስ ስለ ምን ያጠናል","ኮምፕዩተር ሳይንስ ምንድን ነው?","ኮምፕዩተር ሳይንስን ኣብራራልኝ","ስለ ኮምፕዩተር ሳይንስ ንገረኝ"],
         "responses": ["የኮምፒተር ሳይንስ እንደ ባዮኢንፎርማቲክስ ፣ የማሰብ ችሎታ ያላቸው ሥርዓቶች(ኢንተለጄንት ስይስተምስ) እና የኮምፒዩተር ራዕይ (ቪዥን) እና የምስል ማቀነባበር(ኢሜጅ ፕሮሰሲንግ) ባሉ አዳዲስ መስኮች አዳዲስ ዕውቀቶችን እንዲመራ የሚያስችል መስክ ነው፡፡ ኮምፒተር ሳይንስ (አንዳንድ ጊዜ ኮምፑቴሽን ሳይንስ ወይም ኮምፕዩትንግ ሳይንስ ይባላል) ከውሂብ ጋር መስተጋብር የሚፈጥሩ እና በፕሮግራሞች መልክ ሊወከሉ የሚችሉ የሂደቶች ጥናት ነው። ዲጂታል መረጃዎችን ለመቆጣጠር ፣ ለማከማቸት እና ለመለዋወጥ፣ ስልተ ቀመሮችን(ኣልጎሪዝም) እና ሶፍትዌር ዲዛይን ለማረግ ወይም ለመስራት የሚጠቅም ዲፓርትመንት ነው፡፡ ኮምፒዩተር ሳይንስ የተለያዩ ንኡስ ክፍሎች (ስትሪሞች) ያሉት ሲሆን አድቫንስድ ኢንተርኔት ፣ አድቫንስድ ፕሮግራሚንግ ፣ ኣርትፍሻል ኢንተልጄንስ ፣ ኮምፒዩተር ግራፊክስ ፣ የኮምፒተር ሞዴሊንግ ፣ ኮምፒተር ኔትዎርክስ፣ ኮምፒተር ሰክዩሪቲ፣ ኮምፒተር ቪዥን እና ዲዛይን ከጥቂቶቹ ናቸው። ኮምፒዩተር ሳይንስ በመንግሥት ድርጅቶች፣ ባንክ ፣ ትምህርት ፣ ኢንዳስትሪዎች ፣ መዝናኛዎች ፣ ሆስፒታሎች ፣ የውሂብ ማቀነባበሪያ እና የሶፍትዌር ኩባንያዎች ላይ የሚተገበር ሳይንስ ነው። ኮምፒዩተር ሳይንስ የተለያዩ ኮርሶች ያጠቃለለ ሲሆን ስልተ ቀመሮችን(ኣልጎሪዝም) ፣ የውሂቦችን አወቃቀር(ዳታ ስትራክቸር) ፣ አመክንዮ(ሎጂክ) ፣ የፕሮግራም ቋንቋዎችን(ፕሮግራሚንግ ላንጎጅስ) ፣ ሥርዓቶችን(ስይስተም)፣ ሰው ሰራሽ ብልህነት(ኣርትፍሻል ኢንተለጀንስ) ፣ የኮምፒዩተር ግራፊክስ ፣ የኮምፒዩተር ራዕይ(ኮምፒተር ቪዥን) ፣ የምስጢር መረጃዎች (ክሪይፕቶግራፊ)፣ የመረጃ ቋቶች (ዳታቤዝ)፣ አውታረመረቦች(ኔትዎርክስ) እና የሳይንሳዊ ስሌቶችን ከጥቂቶቹ ናቸው። "],
         
         "context_filter": ""
      },    
    
     {
         "tag": "ኢንፎርሜሽን ስይስተም",
         "patterns": ["አይኤስ","አይ ኤስ","ኢንፎርሜሽን ስይስተም","ኢንፎርሜሽን ስይስተም ምንድ ነው?","ስለ ኢንፎርሜሽን ስይስተም?","ኢንፎርሜሽን ስይስተም ግለጽልኝ","ኢንፎርሜሽን ስይስተም ምንድ ነው ሚያጠናው?","ኢንፎርሜሽን ስይስተም ስለ ምን ያጠናል","ኢንፎርሜሽን ስይስተም ምንድን ነው?","ኢንፎርሜሽን ስይስተምን ኣብራራልኝ","ስለ ኢንፎርሜሽን ስይስተም ንገረኝ"],
         "responses": ["ኢንፎርሜሽን ሲስተምስ (አይኤስ) ሥራን ለመከታተል ከሚያስችሏቸው በጣም አስደናቂ እና ተለዋዋጭ መስኮች አንዱ ነው ፡፡የመረጃ ሥርዓቶች(ኢንፎርሜሽን ስይስተም ወይም አይኤስ) ቴክኖሎጂዎች በንግድ ፣ በኢንዱስትሪ ፣ በትምህርት ፣ በመንግስት ፣ በመዝናኛ እና በሁሉም የሕብረተሰብ ክፍሎች በእውነተኛው የዓለም ሁኔታዎች ላይ ተግባራዊ ያደርጋሉ ፡፡ ለምሳሌ ከኤቲኤም ገንዘብ በምናገኝበት ጊዜ ፣ የአየር መንገድ ወንበር በምንይዝበት ፣ የቃል ማቀነባበሪያ መሳሪያን በመንጠቀምበት ፣ ስልክ የምንጠቀመው ወይም አካውንታችንን በምንከፍልበት ከመረጃ ስርዓት(ኢንፎርሜሽን ስይስተም ወይም አይኤስ) ጋር በመገናኘት ነው፡፡ የአይኤስ ዋና ዓላማ ዳታ በድርጅት ውስጥ ለውሳኔ ለመስጠት ሊያገለግል ወደሚችል ጠቃሚ መረጃ መለወጥ ነው፡፡ ኢንፎርሜሽን ስይስተም የተለያዩ ንኡስ ክፍሎች ያሉት ሲሆን ኮምፒተር ፎረንሲክስ፣ ዳታቤዝ ማናጅመንት፣ ቢዝነስና ማናጅመንት፣ ሄልዝ ኢንፎርማቲክስ፣ ስይስተም ኣናልይስስና ኢንተግሬሽን እና ዌብ ጌም ፕሮግራሚንግ ከጥቂቶቹ ናቸው። አይ ኤስ መሰረታዊ ኮርሶች ያሚባሉት ለኮምፒዩተር እና ለመረጃ ሥርዓቶች መግቢያ፣ የአልጎሪዝም ንድፍ፣ የመረጃ ሥርዓቶች ትንተና እና ዲዛይን እናም የመረጃ ሥርዓቶች ዴቨሎፕመንት ከጥቂቶቹ ናቸው፡፡"],
         
         "context_filter": ""
      },    
     
    
    {
         "tag": "ኢንፎርሜሽን ቴክኖሎጂ",
         "patterns": ["አይቲ","አይ ቲ","ኢንፎርሜሽን ቴክኖሎጂ","ኢንፎርሜሽን ቴክኖሎጂ ምንድ ነው?","ስለ ኢንፎርሜሽን ቴክኖሎጂ?","ኢንፎርሜሽን ቴክኖሎጂ ግለጽልኝ","ኢንፎርሜሽን ቴክኖሎጂ ምንድ ነው ሚያጠናው?","ኢንፎርሜሽን ቴክኖሎጂ ስለ ምን ያጠናል","ኢንፎርሜሽን ቴክኖሎጂ ምንድን ነው?","ኢንፎርሜሽን ቴክኖሎጂን ኣብራራልኝ","ስለ ኢንፎርሜሽን ቴክኖሎጂ ንገረኝ"],
         "responses": ["ኢንፎርሜሽን ቴክኖሎጂ መረጃን ለማከማቸት ፣ መልሶ ለማግኘት እና ለመላክ የስርዓቶች (በተለይም ኮምፒተሮች እና ቴሌኮሙኒኬሽኖች) ጥናት ወይም አጠቃቀም የሚገልፅ የትምህርት ክፍል ነው፡፡ የኢንፎርሜሽን ቴክኖሎጂ አሁን ባለው የላቀ ቴክኖሎጂዎች ብቅ በማድረግ የተለያዩ ሚናዎች ያለው የጥናት መስክ ነው ፡፡ ለእውነተኛው ተጨባች ችግሮች መፍትሄ ሊሆን የሚችል የተለያዩ የስርዓት ልማት የሚደግፍ በመሆኑ መምሪያው እውነተኛውን ተጨባች የሆኑት ችግሮችን ለመቅረፍ ወሳኝ አስተዋፅኦ ያለው ዲፓርትመንት ነው፡፡ ስለሆነም የኢንፎርሜሽን ቴክኖሎጂ (አይቲ) ባለሙያዎች ወይም ተመራቂዎች የተጠቃሚውን ፍላጎት የመለየት እንዲሁም ፍላጎቶቻቸውን በተለያዩ የኮምፒዩተር ቴክኖሎጂዎች የማሟላት ችሎታ አላቸው፡፡"],
         
         "context_filter": ""
      },    
   
    
    {
         "tag": "ኮምፕዩቲንግ ዲፓርትመንት",
         "patterns": ["ከአይቲ እና ከኮምፕዩተር ሳይንስ","ከአይቲ እና ከአይ ኤስ","ከኢንፎርሜሽን ቴክኖሎጂ እና ከኮምፕዩተር ሳይንስ","ከኢንፎርሜሽን ቴክኖሎጂ እና ከኢንፎርሜሽን ስይስተም","ከአይቲ እና ሶፍትዌር ምህንድስና","ከኮምፕዩተር ሳይንስ እና ከኢንፎርሜሽን ስይስተም","ከኢንፎርሜሽን ቴክኖሎጂ እና ሶፍትዌር ምህንድስና","ከአይ ኤስ እና ሶፍትዌር ምህንድስና","ከኢንፎርሜሽን ስይስተም እና ሶፍትዌር ምህንድስና","ከኮምፕዩተር ሳይንስ እና ሶፍትዌር ምህንድስና","ከኮምፕዩተር ሳይንስ እና ከአይ ኤስ"],
         
        "responses": ["ኢንፎርሜሽን ስይስተም የንግዶች ፍላጎቶችን ለማስተዳደር የሚጠቅም የቴክኖሎጂ መተግበሪያ ነው ፣ ስለሆነም ቴክኒካዊ ችሎታዎችዎን በንግድ ሁኔታ ውስጥ እንዲሰሩ ለማድረግ የሚረዳ ትምህርት ነው። በኢንፎርሜሽን ስይስተም የተመደቡ ተማሪዎች በኩባንያዎች ውስጥ የአይቲ ስይስተም የአሠራር ጉድለት፣ ችግር እና ሌሎች ጉዳዮችን እንዴት መፍታት እንደሚኖርባቸው የሚያስተምራቸው መስክ ነው። ስለዚህ የኢንፎርሜሽን ስይስተም ተማሪዎች የቴክኖሎጂ እውቀታቸውን በንግዱ ዓለም ሊያጋጥሟቸው በሚችሏቸው ሥራዎች ላይ እንዴት ሊተገበሩ እንደሚችሉ ያስተምራቸዋል፡፡'\n' ኮምፒተር ሳይንስ የፕሮግራም እና የሂሳብ ጥናት ነው፡፡ ኮምፒተር ሳይንስ በኮዲንግ ወይም በኮምፒተር መርሃግብር (ሙያ) ለመከታተል የሚያስፈልጉዎትን የመነሻ ችሎታዎች እንዲማሩ የሚረዳ የትምህርት ፕሮግራም ነው። ኮምፒተር ሳይንስ ተማሪዎች የኮምፒተር ፕሮግራሞችን እና መተግበሪያዎችን በመፍጠር ሂደት ውስጥ ከሚያከናወኑት ሂደቶች በተጨማሪ ስለ ፅንሰ-ሀሳብ ጥሩ ግንዛቤ እንዲኖራቸው ይረዳል። የኮድ ስራ ወደ ሚያደርጉት ስልተ ቀመሮች ውስጥ ስለሚገቡ ብዙ የኮምፒዩተር ሳይንስ ብዙ የሂሳብ ትምህርት ይፈልጋል፡፡'\n' ኢንፎርሜሽን ቴክኖሎጂ የቴክኖሎጂ ክህሎት ተግባራዊ የሚያደርግ ወይም ተግባራዊነት እንዲኖርው የሚረዳ ትምህርት ነው ፡፡ኢንፎርሜሽን ቴክኖሎጂ በንግዶች ዙርያ ኩባንያዎችን የአይቲ መሠረተ ልማት እና ንብረት የሚያተዳድር ሀላፊነት ያለው የ IT ባለሙያ እንዲኖራቸው የሚያድርግ መስክ ነው። በኮምፒተር ሳይንስ እና በኢንፎርሜሽን ቴክኖሎጂው መካከል ያለው ልዩነት የኮምፒዩተር ሳይንቲስቶች የአይቲ ባለሙያዎች የሚጠቀሙባቸውን እና የሚጠብቋቸውን የሶፍትዌር ፕሮግራሞችን መቅረፅ እና ማጎልበት መሆኑ ነው፡፡'\n' ሰፍትዌር ኢንጂነሪንግ ሁሉንም የሶፍትዌር ማምረቻ ገጽታዎች የሚመለከት የምህንድስና ስነ-ስርዓት ነው። ሰፍትዌር ኢንጂነሪንግ የሳይንሳዊ እና የቴክኖሎጂ እውቀት ፣ ዘዴዎች እና ሶፍትዌሮች ዲዛይን ፣ ትግበራ ፣ ሙከራ እና ሰነዳ ስልታዊ አተገባበር ነው። እናም ምርጫ የናንተ ነው።"]
         
         
      },  
    
    
     {
         "tag": "ሶፍትዌር ምህንድስና",
         "patterns": ["ሶፍትዌር ምህንድስና","ሶፍትዌር ምህንድስና ምንድ ነው?","የሶፍትዌር ምህንድስና ጥቅም?","የሶፍትዌር ምህንድስና ስትሪም","ስለ ሶፍትዌር ምህንድስና?","ሶፍትዌር ምህንድስና ግለጽልኝ","ሶፍትዌር ምህንድስና ምንድ ነው ሚያጠናው?","ሶፍትዌር ምህንድስና ስለ ምን ያጠናል","ሶፍትዌር ምህንድስና ምንድን ነው?","ሶፍትዌር ምህንድስናን ኣብራራልኝ","ስለ ሶፍትዌር ምህንድስና ንገረኝ"],
         "responses":["ሰፍትዌር ኢንጂነሪንግ ሁሉንም የሶፍትዌር ማምረቻ ገጽታዎች የሚመለከት የምህንድስና ስነ-ስርዓት ነው። ሰፍትዌር ኢንጂነሪንግ የሳይንሳዊ እና የቴክኖሎጂ እውቀት ፣ ዘዴዎች እና ሶፍትዌሮች ዲዛይን ፣ ትግበራ ፣ ሙከራ እና ሰነዳ ስልታዊ አተገባበር ነው። ሶፍትዌር ኢንጂነሪንግ በመንግሥት ድርጅቶች ፣ ባንክ ፣ ትምህርት ፣ ኢንዱስትሪዎች ፣ መዝናኛዎች ፣ ሆስፒታሎች ፣ የውሂብ ማቀነባበሪያ ፣ የሶፍትዌር ኩባንያዎች እናም በሳይንሳዊ ምርምር የሚተገበር ክፍለ ትምህርት ነው። የፕሮግራም ቋንቋዎች(ፕሮግራሚንግ ላንጎጅስ)፣ ማመልከቻ ማመንጫዎች(ኣፕሊኬሽን ጀነሬተር) እና ሎጂክ(ስትራክቸርና ሎጂክ) ከጥቂቶች የሶፍትዌር ምህንድስና ኮርሶች ናቸው። የሶፍትዌር ምህንድስና እንደ አድቫንስድ ኢንተርኔት ፣ አድቫንስድ ፕሮግራሚንግ፣ የስነምግባር ጠለፋ(ኢቲካል ሃኪንግ) ፣የሶፍትዌር ምህንድስና እና ዲዛይን የመሳሰሉት ንኡስ ክፍሎች ያሉት ክፍለ ትምህርት ነው።"],
         
         "context_filter": ""
      }    
     
    
   ]
}